company_name,company_ticker,company_lei,company_cik,year,quarter,start_date,end_date,filing_date,parent,tag,financial_name,factor,balance,unit,value
Equity LifeStyle Properties Inc,ELS,,0000895417,2010.0,Q2,,2010-06-30,2010-09-03 10:49:17+00:00,totalassets,cashandequivalents,Cash and Due from Banks,+,debit,usd,151805000.0
Equity LifeStyle Properties Inc,ELS,,0000895417,2010.0,Q2,,2010-06-30,2010-09-03 10:49:17+00:00,totalassets,netpremisesandequipment,"Premises and Equipment, Net",+,debit,usd,1892513000.0
Equity LifeStyle Properties Inc,ELS,,0000895417,2010.0,Q2,,2010-06-30,2010-09-03 10:49:17+00:00,totalassets,deferredacquisitioncost,Deferred Acquisition Cost,+,debit,usd,23803000.0
Equity LifeStyle Properties Inc,ELS,,0000895417,2010.0,Q2,,2010-06-30,2010-09-03 10:49:17+00:00,totalassets,otherassets,Other Assets,+,debit,usd,84807000.0
Equity LifeStyle Properties Inc,ELS,,0000895417,2010.0,Q2,,2010-06-30,2010-09-03 10:49:17+00:00,,totalassets,Total Assets,=,debit,usd,2152928000.0
Equity LifeStyle Properties Inc,ELS,,0000895417,2010.0,Q2,,2010-06-30,2010-09-03 10:49:17+00:00,totalliabilities,noninterestbearingdeposits,Non-Interest Bearing Deposits,+,credit,usd,46432000.0
Equity LifeStyle Properties Inc,ELS,,0000895417,2010.0,Q2,,2010-06-30,2010-09-03 10:49:17+00:00,totalliabilities,shorttermdebt,Short-Term Debt,+,credit,usd,0.0
Equity LifeStyle Properties Inc,ELS,,0000895417,2010.0,Q2,,2010-06-30,2010-09-03 10:49:17+00:00,totalliabilities,accruedinterestpayable,Accrued Interest Payable,+,credit,usd,7505000.0
Equity LifeStyle Properties Inc,ELS,,0000895417,2010.0,Q2,,2010-06-30,2010-09-03 10:49:17+00:00,totalliabilities,longtermdebt,Long-Term Debt,+,credit,usd,1503543000.0
Equity LifeStyle Properties Inc,ELS,,0000895417,2010.0,Q2,,2010-06-30,2010-09-03 10:49:17+00:00,totalliabilities,otherlongtermliabilities,Other Long-Term Liabilities,+,credit,usd,135783000.0
Equity LifeStyle Properties Inc,ELS,,0000895417,2010.0,Q2,,2010-06-30,2010-09-03 10:49:17+00:00,totalliabilitiesandequity,totalliabilities,Total Liabilities,+,credit,usd,1693263000.0
Equity LifeStyle Properties Inc,ELS,,0000895417,2010.0,Q2,,2010-06-30,2010-09-03 10:49:17+00:00,totalliabilitiesandequity,redeemablenoncontrollinginterest,Redeemable Noncontrolling Interest,+,credit,usd,200000000.0
Equity LifeStyle Properties Inc,ELS,,0000895417,2010.0,Q2,,2010-06-30,2010-09-03 10:49:17+00:00,totalequity,totalpreferredequity,Preferred Stock,+,credit,usd,0.0
Equity LifeStyle Properties Inc,ELS,,0000895417,2010.0,Q2,,2010-06-30,2010-09-03 10:49:17+00:00,totalcommonequity,commonequity,Common Stock,+,credit,usd,460195000.0
Equity LifeStyle Properties Inc,ELS,,0000895417,2010.0,Q2,,2010-06-30,2010-09-03 10:49:17+00:00,totalcommonequity,otherequity,Other Equity Adjustments,+,credit,usd,-235740000.0
Equity LifeStyle Properties Inc,ELS,,0000895417,2010.0,Q2,,2010-06-30,2010-09-03 10:49:17+00:00,totalequity,totalcommonequity,Total Common Equity,+,credit,usd,224455000.0
Equity LifeStyle Properties Inc,ELS,,0000895417,2010.0,Q2,,2010-06-30,2010-09-03 10:49:17+00:00,totalequityandnoncontrollinginterests,totalequity,Total Preferred & Common Equity,+,credit,usd,224455000.0
Equity LifeStyle Properties Inc,ELS,,0000895417,2010.0,Q2,,2010-06-30,2010-09-03 10:49:17+00:00,totalequityandnoncontrollinginterests,noncontrollinginterests,Noncontrolling Interest,+,credit,usd,35210000.0
Equity LifeStyle Properties Inc,ELS,,0000895417,2010.0,Q2,,2010-06-30,2010-09-03 10:49:17+00:00,totalliabilitiesandequity,totalequityandnoncontrollinginterests,Total Equity & Noncontrolling Interests,+,credit,usd,259665000.0
Equity LifeStyle Properties Inc,ELS,,0000895417,2010.0,Q2,,2010-06-30,2010-09-03 10:49:17+00:00,,totalliabilitiesandequity,Total Liabilities & Shareholders' Equity,=,credit,usd,2152928000.0
Equity LifeStyle Properties Inc,ELS,,0000895417,2010.0,Q3,,2010-09-30,2010-11-04 12:56:57+00:00,totalassets,cashandequivalents,Cash and Due from Banks,+,debit,usd,81419000.0
Equity LifeStyle Properties Inc,ELS,,0000895417,2010.0,Q3,,2010-09-30,2010-11-04 12:56:57+00:00,totalassets,netpremisesandequipment,"Premises and Equipment, Net",+,debit,usd,1886760000.0
Equity LifeStyle Properties Inc,ELS,,0000895417,2010.0,Q3,,2010-09-30,2010-11-04 12:56:57+00:00,totalassets,deferredacquisitioncost,Deferred Acquisition Cost,+,debit,usd,24740000.0
Equity LifeStyle Properties Inc,ELS,,0000895417,2010.0,Q3,,2010-09-30,2010-11-04 12:56:57+00:00,totalassets,otherassets,Other Assets,+,debit,usd,80243000.0
Equity LifeStyle Properties Inc,ELS,,0000895417,2010.0,Q3,,2010-09-30,2010-11-04 12:56:57+00:00,,totalassets,Total Assets,=,debit,usd,2073162000.0
Equity LifeStyle Properties Inc,ELS,,0000895417,2010.0,Q3,,2010-09-30,2010-11-04 12:56:57+00:00,totalliabilities,noninterestbearingdeposits,Non-Interest Bearing Deposits,+,credit,usd,40550000.0
Equity LifeStyle Properties Inc,ELS,,0000895417,2010.0,Q3,,2010-09-30,2010-11-04 12:56:57+00:00,totalliabilities,shorttermdebt,Short-Term Debt,+,credit,usd,0.0
Equity LifeStyle Properties Inc,ELS,,0000895417,2010.0,Q3,,2010-09-30,2010-11-04 12:56:57+00:00,totalliabilities,accruedinterestpayable,Accrued Interest Payable,+,credit,usd,7090000.0
Equity LifeStyle Properties Inc,ELS,,0000895417,2010.0,Q3,,2010-09-30,2010-11-04 12:56:57+00:00,totalliabilities,longtermdebt,Long-Term Debt,+,credit,usd,1425299000.0
Equity LifeStyle Properties Inc,ELS,,0000895417,2010.0,Q3,,2010-09-30,2010-11-04 12:56:57+00:00,totalliabilities,otherlongtermliabilities,Other Long-Term Liabilities,+,credit,usd,136104000.0
Equity LifeStyle Properties Inc,ELS,,0000895417,2010.0,Q3,,2010-09-30,2010-11-04 12:56:57+00:00,totalliabilitiesandequity,totalliabilities,Total Liabilities,+,credit,usd,1609043000.0
Equity LifeStyle Properties Inc,ELS,,0000895417,2010.0,Q3,,2010-09-30,2010-11-04 12:56:57+00:00,totalliabilitiesandequity,redeemablenoncontrollinginterest,Redeemable Noncontrolling Interest,+,credit,usd,200000000.0
Equity LifeStyle Properties Inc,ELS,,0000895417,2010.0,Q3,,2010-09-30,2010-11-04 12:56:57+00:00,totalequity,totalpreferredequity,Preferred Stock,+,credit,usd,0.0
Equity LifeStyle Properties Inc,ELS,,0000895417,2010.0,Q3,,2010-09-30,2010-11-04 12:56:57+00:00,totalcommonequity,commonequity,Common Stock,+,credit,usd,462874000.0
Equity LifeStyle Properties Inc,ELS,,0000895417,2010.0,Q3,,2010-09-30,2010-11-04 12:56:57+00:00,totalcommonequity,otherequity,Other Equity Adjustments,+,credit,usd,-233434000.0
Equity LifeStyle Properties Inc,ELS,,0000895417,2010.0,Q3,,2010-09-30,2010-11-04 12:56:57+00:00,totalequity,totalcommonequity,Total Common Equity,+,credit,usd,229440000.0
Equity LifeStyle Properties Inc,ELS,,0000895417,2010.0,Q3,,2010-09-30,2010-11-04 12:56:57+00:00,totalequityandnoncontrollinginterests,totalequity,Total Preferred & Common Equity,+,credit,usd,229440000.0
Equity LifeStyle Properties Inc,ELS,,0000895417,2010.0,Q3,,2010-09-30,2010-11-04 12:56:57+00:00,totalequityandnoncontrollinginterests,noncontrollinginterests,Noncontrolling Interest,+,credit,usd,34679000.0
Equity LifeStyle Properties Inc,ELS,,0000895417,2010.0,Q3,,2010-09-30,2010-11-04 12:56:57+00:00,totalliabilitiesandequity,totalequityandnoncontrollinginterests,Total Equity & Noncontrolling Interests,+,credit,usd,264119000.0
Equity LifeStyle Properties Inc,ELS,,0000895417,2010.0,Q3,,2010-09-30,2010-11-04 12:56:57+00:00,,totalliabilitiesandequity,Total Liabilities & Shareholders' Equity,=,credit,usd,2073162000.0
Equity LifeStyle Properties Inc,ELS,,0000895417,2011.0,Q2,,2011-06-30,2011-08-31 13:08:32+00:00,totalassets,cashandequivalents,Cash and Due from Banks,+,debit,usd,85344000.0
Equity LifeStyle Properties Inc,ELS,,0000895417,2011.0,Q2,,2011-06-30,2011-08-31 13:08:32+00:00,totalassets,netpremisesandequipment,"Premises and Equipment, Net",+,debit,usd,1871785000.0
Equity LifeStyle Properties Inc,ELS,,0000895417,2011.0,Q2,,2011-06-30,2011-08-31 13:08:32+00:00,totalassets,deferredacquisitioncost,Deferred Acquisition Cost,+,debit,usd,30368000.0
Equity LifeStyle Properties Inc,ELS,,0000895417,2011.0,Q2,,2011-06-30,2011-08-31 13:08:32+00:00,totalassets,otherassets,Other Assets,+,debit,usd,381056000.0
Equity LifeStyle Properties Inc,ELS,,0000895417,2011.0,Q2,,2011-06-30,2011-08-31 13:08:32+00:00,,totalassets,Total Assets,=,debit,usd,2368553000.0
Equity LifeStyle Properties Inc,ELS,,0000895417,2011.0,Q2,,2011-06-30,2011-08-31 13:08:32+00:00,totalliabilities,noninterestbearingdeposits,Non-Interest Bearing Deposits,+,credit,usd,52153000.0
Equity LifeStyle Properties Inc,ELS,,0000895417,2011.0,Q2,,2011-06-30,2011-08-31 13:08:32+00:00,totalliabilities,shorttermdebt,Short-Term Debt,+,credit,usd,0.0
Equity LifeStyle Properties Inc,ELS,,0000895417,2011.0,Q2,,2011-06-30,2011-08-31 13:08:32+00:00,totalliabilities,accruedinterestpayable,Accrued Interest Payable,+,credit,usd,6847000.0
Equity LifeStyle Properties Inc,ELS,,0000895417,2011.0,Q2,,2011-06-30,2011-08-31 13:08:32+00:00,totalliabilities,longtermdebt,Long-Term Debt,+,credit,usd,1357458000.0
Equity LifeStyle Properties Inc,ELS,,0000895417,2011.0,Q2,,2011-06-30,2011-08-31 13:08:32+00:00,totalliabilities,otherlongtermliabilities,Other Long-Term Liabilities,+,credit,usd,144508000.0
Equity LifeStyle Properties Inc,ELS,,0000895417,2011.0,Q2,,2011-06-30,2011-08-31 13:08:32+00:00,totalliabilitiesandequity,totalliabilities,Total Liabilities,+,credit,usd,1560966000.0
Equity LifeStyle Properties Inc,ELS,,0000895417,2011.0,Q2,,2011-06-30,2011-08-31 13:08:32+00:00,totalliabilitiesandequity,commitmentsandcontingencies,Commitments & Contingencies,+,credit,usd,0.0
Equity LifeStyle Properties Inc,ELS,,0000895417,2011.0,Q2,,2011-06-30,2011-08-31 13:08:32+00:00,totalliabilitiesandequity,redeemablenoncontrollinginterest,Redeemable Noncontrolling Interest,+,credit,usd,200000000.0
Equity LifeStyle Properties Inc,ELS,,0000895417,2011.0,Q2,,2011-06-30,2011-08-31 13:08:32+00:00,totalcommonequity,commonequity,Common Stock,+,credit,usd,780989000.0
Equity LifeStyle Properties Inc,ELS,,0000895417,2011.0,Q2,,2011-06-30,2011-08-31 13:08:32+00:00,totalcommonequity,aoci,Accumulated Other Comprehensive Income / (Loss),+,credit,usd,-336000.0
Equity LifeStyle Properties Inc,ELS,,0000895417,2011.0,Q2,,2011-06-30,2011-08-31 13:08:32+00:00,totalcommonequity,otherequity,Other Equity Adjustments,+,credit,usd,-236888000.0
Equity LifeStyle Properties Inc,ELS,,0000895417,2011.0,Q2,,2011-06-30,2011-08-31 13:08:32+00:00,totalequity,totalcommonequity,Total Common Equity,+,credit,usd,543765000.0
Equity LifeStyle Properties Inc,ELS,,0000895417,2011.0,Q2,,2011-06-30,2011-08-31 13:08:32+00:00,totalequityandnoncontrollinginterests,totalequity,Total Preferred & Common Equity,+,credit,usd,543765000.0
Equity LifeStyle Properties Inc,ELS,,0000895417,2011.0,Q2,,2011-06-30,2011-08-31 13:08:32+00:00,totalequityandnoncontrollinginterests,noncontrollinginterests,Noncontrolling Interest,+,credit,usd,63822000.0
Equity LifeStyle Properties Inc,ELS,,0000895417,2011.0,Q2,,2011-06-30,2011-08-31 13:08:32+00:00,totalliabilitiesandequity,totalequityandnoncontrollinginterests,Total Equity & Noncontrolling Interests,+,credit,usd,607587000.0
Equity LifeStyle Properties Inc,ELS,,0000895417,2011.0,Q2,,2011-06-30,2011-08-31 13:08:32+00:00,,totalliabilitiesandequity,Total Liabilities & Shareholders' Equity,=,credit,usd,2368553000.0
Equity LifeStyle Properties Inc,ELS,,0000895417,2012.0,Q1,,2012-03-31,2012-05-04 09:02:05+00:00,totalassets,cashandequivalents,Cash and Due from Banks,+,debit,usd,102972000.0
Equity LifeStyle Properties Inc,ELS,,0000895417,2012.0,Q1,,2012-03-31,2012-05-04 09:02:05+00:00,totalassets,netpremisesandequipment,"Premises and Equipment, Net",+,debit,usd,3234611000.0
Equity LifeStyle Properties Inc,ELS,,0000895417,2012.0,Q1,,2012-03-31,2012-05-04 09:02:05+00:00,totalassets,deferredacquisitioncost,Deferred Acquisition Cost,+,debit,usd,41838000.0
Equity LifeStyle Properties Inc,ELS,,0000895417,2012.0,Q1,,2012-03-31,2012-05-04 09:02:05+00:00,totalassets,otherassets,Other Assets,+,debit,usd,113148000.0
Equity LifeStyle Properties Inc,ELS,,0000895417,2012.0,Q1,,2012-03-31,2012-05-04 09:02:05+00:00,,totalassets,Total Assets,=,debit,usd,3492569000.0
Equity LifeStyle Properties Inc,ELS,,0000895417,2012.0,Q1,,2012-03-31,2012-05-04 09:02:05+00:00,totalliabilities,noninterestbearingdeposits,Non-Interest Bearing Deposits,+,credit,usd,54558000.0
Equity LifeStyle Properties Inc,ELS,,0000895417,2012.0,Q1,,2012-03-31,2012-05-04 09:02:05+00:00,totalliabilities,shorttermdebt,Short-Term Debt,+,credit,usd,0.0
Equity LifeStyle Properties Inc,ELS,,0000895417,2012.0,Q1,,2012-03-31,2012-05-04 09:02:05+00:00,totalliabilities,accruedinterestpayable,Accrued Interest Payable,+,credit,usd,10748000.0
Equity LifeStyle Properties Inc,ELS,,0000895417,2012.0,Q1,,2012-03-31,2012-05-04 09:02:05+00:00,totalliabilities,longtermdebt,Long-Term Debt,+,credit,usd,2275441000.0
Equity LifeStyle Properties Inc,ELS,,0000895417,2012.0,Q1,,2012-03-31,2012-05-04 09:02:05+00:00,totalliabilities,otherlongtermliabilities,Other Long-Term Liabilities,+,credit,usd,157426000.0
Equity LifeStyle Properties Inc,ELS,,0000895417,2012.0,Q1,,2012-03-31,2012-05-04 09:02:05+00:00,totalliabilitiesandequity,totalliabilities,Total Liabilities,+,credit,usd,2498173000.0
Equity LifeStyle Properties Inc,ELS,,0000895417,2012.0,Q1,,2012-03-31,2012-05-04 09:02:05+00:00,totalliabilitiesandequity,commitmentsandcontingencies,Commitments & Contingencies,+,credit,usd,0.0
Equity LifeStyle Properties Inc,ELS,,0000895417,2012.0,Q1,,2012-03-31,2012-05-04 09:02:05+00:00,totalliabilitiesandequity,redeemablenoncontrollinginterest,Redeemable Noncontrolling Interest,+,credit,usd,200000000.0
Equity LifeStyle Properties Inc,ELS,,0000895417,2012.0,Q1,,2012-03-31,2012-05-04 09:02:05+00:00,totalequity,totalpreferredequity,Preferred Stock,+,credit,usd,0.0
Equity LifeStyle Properties Inc,ELS,,0000895417,2012.0,Q1,,2012-03-31,2012-05-04 09:02:05+00:00,totalcommonequity,commonequity,Common Stock,+,credit,usd,1003223000.0
Equity LifeStyle Properties Inc,ELS,,0000895417,2012.0,Q1,,2012-03-31,2012-05-04 09:02:05+00:00,totalcommonequity,aoci,Accumulated Other Comprehensive Income / (Loss),+,credit,usd,-2925000.0
Equity LifeStyle Properties Inc,ELS,,0000895417,2012.0,Q1,,2012-03-31,2012-05-04 09:02:05+00:00,totalcommonequity,otherequity,Other Equity Adjustments,+,credit,usd,-275656000.0
Equity LifeStyle Properties Inc,ELS,,0000895417,2012.0,Q1,,2012-03-31,2012-05-04 09:02:05+00:00,totalequity,totalcommonequity,Total Common Equity,+,credit,usd,724642000.0
Equity LifeStyle Properties Inc,ELS,,0000895417,2012.0,Q1,,2012-03-31,2012-05-04 09:02:05+00:00,totalequityandnoncontrollinginterests,totalequity,Total Preferred & Common Equity,+,credit,usd,724642000.0
Equity LifeStyle Properties Inc,ELS,,0000895417,2012.0,Q1,,2012-03-31,2012-05-04 09:02:05+00:00,totalequityandnoncontrollinginterests,noncontrollinginterests,Noncontrolling Interest,+,credit,usd,69754000.0
Equity LifeStyle Properties Inc,ELS,,0000895417,2012.0,Q1,,2012-03-31,2012-05-04 09:02:05+00:00,totalliabilitiesandequity,totalequityandnoncontrollinginterests,Total Equity & Noncontrolling Interests,+,credit,usd,794396000.0
Equity LifeStyle Properties Inc,ELS,,0000895417,2012.0,Q1,,2012-03-31,2012-05-04 09:02:05+00:00,,totalliabilitiesandequity,Total Liabilities & Shareholders' Equity,=,credit,usd,3492569000.0
Equity LifeStyle Properties Inc,ELS,,0000895417,2012.0,Q2,,2012-06-30,2012-08-03 12:16:48+00:00,totalassets,cashandequivalents,Cash and Due from Banks,+,debit,usd,134967000.0
Equity LifeStyle Properties Inc,ELS,,0000895417,2012.0,Q2,,2012-06-30,2012-08-03 12:16:48+00:00,totalassets,netpremisesandequipment,"Premises and Equipment, Net",+,debit,usd,3207639000.0
Equity LifeStyle Properties Inc,ELS,,0000895417,2012.0,Q2,,2012-06-30,2012-08-03 12:16:48+00:00,totalassets,deferredacquisitioncost,Deferred Acquisition Cost,+,debit,usd,41677000.0
Equity LifeStyle Properties Inc,ELS,,0000895417,2012.0,Q2,,2012-06-30,2012-08-03 12:16:48+00:00,totalassets,otherassets,Other Assets,+,debit,usd,114367000.0
Equity LifeStyle Properties Inc,ELS,,0000895417,2012.0,Q2,,2012-06-30,2012-08-03 12:16:48+00:00,,totalassets,Total Assets,=,debit,usd,3498650000.0
Equity LifeStyle Properties Inc,ELS,,0000895417,2012.0,Q2,,2012-06-30,2012-08-03 12:16:48+00:00,totalliabilities,noninterestbearingdeposits,Non-Interest Bearing Deposits,+,credit,usd,59130000.0
Equity LifeStyle Properties Inc,ELS,,0000895417,2012.0,Q2,,2012-06-30,2012-08-03 12:16:48+00:00,totalliabilities,shorttermdebt,Short-Term Debt,+,credit,usd,0.0
Equity LifeStyle Properties Inc,ELS,,0000895417,2012.0,Q2,,2012-06-30,2012-08-03 12:16:48+00:00,totalliabilities,accruedinterestpayable,Accrued Interest Payable,+,credit,usd,10227000.0
Equity LifeStyle Properties Inc,ELS,,0000895417,2012.0,Q2,,2012-06-30,2012-08-03 12:16:48+00:00,totalliabilities,longtermdebt,Long-Term Debt,+,credit,usd,2288450000.0
Equity LifeStyle Properties Inc,ELS,,0000895417,2012.0,Q2,,2012-06-30,2012-08-03 12:16:48+00:00,totalliabilities,otherlongtermliabilities,Other Long-Term Liabilities,+,credit,usd,161781000.0
Equity LifeStyle Properties Inc,ELS,,0000895417,2012.0,Q2,,2012-06-30,2012-08-03 12:16:48+00:00,totalliabilitiesandequity,totalliabilities,Total Liabilities,+,credit,usd,2519588000.0
Equity LifeStyle Properties Inc,ELS,,0000895417,2012.0,Q2,,2012-06-30,2012-08-03 12:16:48+00:00,totalliabilitiesandequity,commitmentsandcontingencies,Commitments & Contingencies,+,credit,usd,0.0
Equity LifeStyle Properties Inc,ELS,,0000895417,2012.0,Q2,,2012-06-30,2012-08-03 12:16:48+00:00,totalequity,totalpreferredequity,Preferred Stock,+,credit,usd,0.0
Equity LifeStyle Properties Inc,ELS,,0000895417,2012.0,Q2,,2012-06-30,2012-08-03 12:16:48+00:00,totalcommonequity,commonequity,Common Stock,+,credit,usd,1005702000.0
Equity LifeStyle Properties Inc,ELS,,0000895417,2012.0,Q2,,2012-06-30,2012-08-03 12:16:48+00:00,totalcommonequity,aoci,Accumulated Other Comprehensive Income / (Loss),+,credit,usd,-2959000.0
Equity LifeStyle Properties Inc,ELS,,0000895417,2012.0,Q2,,2012-06-30,2012-08-03 12:16:48+00:00,totalcommonequity,otherequity,Other Equity Adjustments,+,credit,usd,-91673000.0
Equity LifeStyle Properties Inc,ELS,,0000895417,2012.0,Q2,,2012-06-30,2012-08-03 12:16:48+00:00,totalequity,totalcommonequity,Total Common Equity,+,credit,usd,911070000.0
Equity LifeStyle Properties Inc,ELS,,0000895417,2012.0,Q2,,2012-06-30,2012-08-03 12:16:48+00:00,totalequityandnoncontrollinginterests,totalequity,Total Preferred & Common Equity,+,credit,usd,911070000.0
Equity LifeStyle Properties Inc,ELS,,0000895417,2012.0,Q2,,2012-06-30,2012-08-03 12:16:48+00:00,totalequityandnoncontrollinginterests,noncontrollinginterests,Noncontrolling Interest,+,credit,usd,67992000.0
Equity LifeStyle Properties Inc,ELS,,0000895417,2012.0,Q2,,2012-06-30,2012-08-03 12:16:48+00:00,totalliabilitiesandequity,totalequityandnoncontrollinginterests,Total Equity & Noncontrolling Interests,+,credit,usd,979062000.0
Equity LifeStyle Properties Inc,ELS,,0000895417,2012.0,Q2,,2012-06-30,2012-08-03 12:16:48+00:00,,totalliabilitiesandequity,Total Liabilities & Shareholders' Equity,=,credit,usd,3498650000.0
Equity LifeStyle Properties Inc,ELS,,0000895417,2013.0,Q2,,2013-06-30,2013-08-02 17:09:25+00:00,totalassets,cashandequivalents,Cash and Due from Banks,+,debit,usd,177895000.0
Equity LifeStyle Properties Inc,ELS,,0000895417,2013.0,Q2,,2013-06-30,2013-08-02 17:09:25+00:00,totalassets,netpremisesandequipment,"Premises and Equipment, Net",+,debit,usd,3068771000.0
Equity LifeStyle Properties Inc,ELS,,0000895417,2013.0,Q2,,2013-06-30,2013-08-02 17:09:25+00:00,totalassets,deferredacquisitioncost,Deferred Acquisition Cost,+,debit,usd,43520000.0
Equity LifeStyle Properties Inc,ELS,,0000895417,2013.0,Q2,,2013-06-30,2013-08-02 17:09:25+00:00,totalassets,otherassets,Other Assets,+,debit,usd,230943000.0
Equity LifeStyle Properties Inc,ELS,,0000895417,2013.0,Q2,,2013-06-30,2013-08-02 17:09:25+00:00,,totalassets,Total Assets,=,debit,usd,3521129000.0
Equity LifeStyle Properties Inc,ELS,,0000895417,2013.0,Q2,,2013-06-30,2013-08-02 17:09:25+00:00,totalliabilities,noninterestbearingdeposits,Non-Interest Bearing Deposits,+,credit,usd,60988000.0
Equity LifeStyle Properties Inc,ELS,,0000895417,2013.0,Q2,,2013-06-30,2013-08-02 17:09:25+00:00,totalliabilities,shorttermdebt,Short-Term Debt,+,credit,usd,0.0
Equity LifeStyle Properties Inc,ELS,,0000895417,2013.0,Q2,,2013-06-30,2013-08-02 17:09:25+00:00,totalliabilities,accruedinterestpayable,Accrued Interest Payable,+,credit,usd,10144000.0
Equity LifeStyle Properties Inc,ELS,,0000895417,2013.0,Q2,,2013-06-30,2013-08-02 17:09:25+00:00,totalliabilities,longtermdebt,Long-Term Debt,+,credit,usd,2322883000.0
Equity LifeStyle Properties Inc,ELS,,0000895417,2013.0,Q2,,2013-06-30,2013-08-02 17:09:25+00:00,totalliabilities,otherlongtermliabilities,Other Long-Term Liabilities,+,credit,usd,188076000.0
Equity LifeStyle Properties Inc,ELS,,0000895417,2013.0,Q2,,2013-06-30,2013-08-02 17:09:25+00:00,totalliabilitiesandequity,totalliabilities,Total Liabilities,+,credit,usd,2582091000.0
Equity LifeStyle Properties Inc,ELS,,0000895417,2013.0,Q2,,2013-06-30,2013-08-02 17:09:25+00:00,totalequity,totalpreferredequity,Preferred Stock,+,credit,usd,0.0
Equity LifeStyle Properties Inc,ELS,,0000895417,2013.0,Q2,,2013-06-30,2013-08-02 17:09:25+00:00,totalcommonequity,commonequity,Common Stock,+,credit,usd,1015004000.0
Equity LifeStyle Properties Inc,ELS,,0000895417,2013.0,Q2,,2013-06-30,2013-08-02 17:09:25+00:00,totalcommonequity,aoci,Accumulated Other Comprehensive Income / (Loss),+,credit,usd,-1718000.0
Equity LifeStyle Properties Inc,ELS,,0000895417,2013.0,Q2,,2013-06-30,2013-08-02 17:09:25+00:00,totalcommonequity,otherequity,Other Equity Adjustments,+,credit,usd,-140304000.0
Equity LifeStyle Properties Inc,ELS,,0000895417,2013.0,Q2,,2013-06-30,2013-08-02 17:09:25+00:00,totalequity,totalcommonequity,Total Common Equity,+,credit,usd,872982000.0
Equity LifeStyle Properties Inc,ELS,,0000895417,2013.0,Q2,,2013-06-30,2013-08-02 17:09:25+00:00,totalequityandnoncontrollinginterests,totalequity,Total Preferred & Common Equity,+,credit,usd,872982000.0
Equity LifeStyle Properties Inc,ELS,,0000895417,2013.0,Q2,,2013-06-30,2013-08-02 17:09:25+00:00,totalequityandnoncontrollinginterests,noncontrollinginterests,Noncontrolling Interest,+,credit,usd,66056000.0
Equity LifeStyle Properties Inc,ELS,,0000895417,2013.0,Q2,,2013-06-30,2013-08-02 17:09:25+00:00,totalliabilitiesandequity,totalequityandnoncontrollinginterests,Total Equity & Noncontrolling Interests,+,credit,usd,939038000.0
Equity LifeStyle Properties Inc,ELS,,0000895417,2013.0,Q2,,2013-06-30,2013-08-02 17:09:25+00:00,,totalliabilitiesandequity,Total Liabilities & Shareholders' Equity,=,credit,usd,3521129000.0
Equity LifeStyle Properties Inc,ELS,,0000895417,2015.0,Q1,,2015-03-31,2015-04-29 16:49:13+00:00,totalassets,cashandequivalents,Cash and Due from Banks,+,debit,usd,102703000.0
Equity LifeStyle Properties Inc,ELS,,0000895417,2015.0,Q1,,2015-03-31,2015-04-29 16:49:13+00:00,totalassets,netpremisesandequipment,"Premises and Equipment, Net",+,debit,usd,3212942000.0
Equity LifeStyle Properties Inc,ELS,,0000895417,2015.0,Q1,,2015-03-31,2015-04-29 16:49:13+00:00,totalassets,deferredacquisitioncost,Deferred Acquisition Cost,+,debit,usd,54413000.0
Equity LifeStyle Properties Inc,ELS,,0000895417,2015.0,Q1,,2015-03-31,2015-04-29 16:49:13+00:00,totalassets,otherassets,Other Assets,+,debit,usd,98736000.0
Equity LifeStyle Properties Inc,ELS,,0000895417,2015.0,Q1,,2015-03-31,2015-04-29 16:49:13+00:00,,totalassets,Total Assets,=,debit,usd,3468794000.0
Equity LifeStyle Properties Inc,ELS,,0000895417,2015.0,Q1,,2015-03-31,2015-04-29 16:49:13+00:00,totalliabilities,noninterestbearingdeposits,Non-Interest Bearing Deposits,+,credit,usd,69994000.0
Equity LifeStyle Properties Inc,ELS,,0000895417,2015.0,Q1,,2015-03-31,2015-04-29 16:49:13+00:00,totalliabilities,shorttermdebt,Short-Term Debt,+,credit,usd,0.0
Equity LifeStyle Properties Inc,ELS,,0000895417,2015.0,Q1,,2015-03-31,2015-04-29 16:49:13+00:00,totalliabilities,accruedinterestpayable,Accrued Interest Payable,+,credit,usd,8424000.0
Equity LifeStyle Properties Inc,ELS,,0000895417,2015.0,Q1,,2015-03-31,2015-04-29 16:49:13+00:00,totalliabilities,longtermdebt,Long-Term Debt,+,credit,usd,2211738000.0
Equity LifeStyle Properties Inc,ELS,,0000895417,2015.0,Q1,,2015-03-31,2015-04-29 16:49:13+00:00,totalliabilities,otherlongtermliabilities,Other Long-Term Liabilities,+,credit,usd,199546000.0
Equity LifeStyle Properties Inc,ELS,,0000895417,2015.0,Q1,,2015-03-31,2015-04-29 16:49:13+00:00,totalliabilitiesandequity,totalliabilities,Total Liabilities,+,credit,usd,2489702000.0
Equity LifeStyle Properties Inc,ELS,,0000895417,2015.0,Q1,,2015-03-31,2015-04-29 16:49:13+00:00,totalequity,totalpreferredequity,Preferred Stock,+,credit,usd,0.0
Equity LifeStyle Properties Inc,ELS,,0000895417,2015.0,Q1,,2015-03-31,2015-04-29 16:49:13+00:00,totalcommonequity,commonequity,Common Stock,+,credit,usd,1036115000.0
Equity LifeStyle Properties Inc,ELS,,0000895417,2015.0,Q1,,2015-03-31,2015-04-29 16:49:13+00:00,totalcommonequity,aoci,Accumulated Other Comprehensive Income / (Loss),+,credit,usd,-1238000.0
Equity LifeStyle Properties Inc,ELS,,0000895417,2015.0,Q1,,2015-03-31,2015-04-29 16:49:13+00:00,totalcommonequity,otherequity,Other Equity Adjustments,+,credit,usd,-122498000.0
Equity LifeStyle Properties Inc,ELS,,0000895417,2015.0,Q1,,2015-03-31,2015-04-29 16:49:13+00:00,totalequity,totalcommonequity,Total Common Equity,+,credit,usd,912379000.0
Equity LifeStyle Properties Inc,ELS,,0000895417,2015.0,Q1,,2015-03-31,2015-04-29 16:49:13+00:00,totalequityandnoncontrollinginterests,totalequity,Total Preferred & Common Equity,+,credit,usd,912379000.0
Equity LifeStyle Properties Inc,ELS,,0000895417,2015.0,Q1,,2015-03-31,2015-04-29 16:49:13+00:00,totalequityandnoncontrollinginterests,noncontrollinginterests,Noncontrolling Interest,+,credit,usd,66713000.0
Equity LifeStyle Properties Inc,ELS,,0000895417,2015.0,Q1,,2015-03-31,2015-04-29 16:49:13+00:00,totalliabilitiesandequity,totalequityandnoncontrollinginterests,Total Equity & Noncontrolling Interests,+,credit,usd,979092000.0
Equity LifeStyle Properties Inc,ELS,,0000895417,2015.0,Q1,,2015-03-31,2015-04-29 16:49:13+00:00,,totalliabilitiesandequity,Total Liabilities & Shareholders' Equity,=,credit,usd,3468794000.0
Equity LifeStyle Properties Inc,ELS,,0000895417,2015.0,Q2,,2015-06-30,2015-08-04 16:02:47+00:00,totalassets,cashandequivalents,Cash and Due from Banks,+,debit,usd,84945000.0
Equity LifeStyle Properties Inc,ELS,,0000895417,2015.0,Q2,,2015-06-30,2015-08-04 16:02:47+00:00,totalassets,netpremisesandequipment,"Premises and Equipment, Net",+,debit,usd,3214402000.0
Equity LifeStyle Properties Inc,ELS,,0000895417,2015.0,Q2,,2015-06-30,2015-08-04 16:02:47+00:00,totalassets,deferredacquisitioncost,Deferred Acquisition Cost,+,debit,usd,54760000.0
Equity LifeStyle Properties Inc,ELS,,0000895417,2015.0,Q2,,2015-06-30,2015-08-04 16:02:47+00:00,totalassets,otherassets,Other Assets,+,debit,usd,93401000.0
Equity LifeStyle Properties Inc,ELS,,0000895417,2015.0,Q2,,2015-06-30,2015-08-04 16:02:47+00:00,,totalassets,Total Assets,=,debit,usd,3447508000.0
Equity LifeStyle Properties Inc,ELS,,0000895417,2015.0,Q2,,2015-06-30,2015-08-04 16:02:47+00:00,totalliabilities,noninterestbearingdeposits,Non-Interest Bearing Deposits,+,credit,usd,79748000.0
Equity LifeStyle Properties Inc,ELS,,0000895417,2015.0,Q2,,2015-06-30,2015-08-04 16:02:47+00:00,totalliabilities,shorttermdebt,Short-Term Debt,+,credit,usd,0.0
Equity LifeStyle Properties Inc,ELS,,0000895417,2015.0,Q2,,2015-06-30,2015-08-04 16:02:47+00:00,totalliabilities,accruedinterestpayable,Accrued Interest Payable,+,credit,usd,8705000.0
Equity LifeStyle Properties Inc,ELS,,0000895417,2015.0,Q2,,2015-06-30,2015-08-04 16:02:47+00:00,totalliabilities,longtermdebt,Long-Term Debt,+,credit,usd,2166517000.0
Equity LifeStyle Properties Inc,ELS,,0000895417,2015.0,Q2,,2015-06-30,2015-08-04 16:02:47+00:00,totalliabilities,otherlongtermliabilities,Other Long-Term Liabilities,+,credit,usd,210859000.0
Equity LifeStyle Properties Inc,ELS,,0000895417,2015.0,Q2,,2015-06-30,2015-08-04 16:02:47+00:00,totalliabilitiesandequity,totalliabilities,Total Liabilities,+,credit,usd,2465829000.0
Equity LifeStyle Properties Inc,ELS,,0000895417,2015.0,Q2,,2015-06-30,2015-08-04 16:02:47+00:00,totalequity,totalpreferredequity,Preferred Stock,+,credit,usd,0.0
Equity LifeStyle Properties Inc,ELS,,0000895417,2015.0,Q2,,2015-06-30,2015-08-04 16:02:47+00:00,totalcommonequity,commonequity,Common Stock,+,credit,usd,1038133000.0
Equity LifeStyle Properties Inc,ELS,,0000895417,2015.0,Q2,,2015-06-30,2015-08-04 16:02:47+00:00,totalcommonequity,aoci,Accumulated Other Comprehensive Income / (Loss),+,credit,usd,-1034000.0
Equity LifeStyle Properties Inc,ELS,,0000895417,2015.0,Q2,,2015-06-30,2015-08-04 16:02:47+00:00,totalcommonequity,otherequity,Other Equity Adjustments,+,credit,usd,-122313000.0
Equity LifeStyle Properties Inc,ELS,,0000895417,2015.0,Q2,,2015-06-30,2015-08-04 16:02:47+00:00,totalequity,totalcommonequity,Total Common Equity,+,credit,usd,914786000.0
Equity LifeStyle Properties Inc,ELS,,0000895417,2015.0,Q2,,2015-06-30,2015-08-04 16:02:47+00:00,totalequityandnoncontrollinginterests,totalequity,Total Preferred & Common Equity,+,credit,usd,914786000.0
Equity LifeStyle Properties Inc,ELS,,0000895417,2015.0,Q2,,2015-06-30,2015-08-04 16:02:47+00:00,totalequityandnoncontrollinginterests,noncontrollinginterests,Noncontrolling Interest,+,credit,usd,66893000.0
Equity LifeStyle Properties Inc,ELS,,0000895417,2015.0,Q2,,2015-06-30,2015-08-04 16:02:47+00:00,totalliabilitiesandequity,totalequityandnoncontrollinginterests,Total Equity & Noncontrolling Interests,+,credit,usd,981679000.0
Equity LifeStyle Properties Inc,ELS,,0000895417,2015.0,Q2,,2015-06-30,2015-08-04 16:02:47+00:00,,totalliabilitiesandequity,Total Liabilities & Shareholders' Equity,=,credit,usd,3447508000.0
Equity LifeStyle Properties Inc,ELS,,0000895417,2015.0,Q3,,2015-09-30,2015-10-28 18:13:29+00:00,totalassets,cashandequivalents,Cash and Due from Banks,+,debit,usd,89395000.0
Equity LifeStyle Properties Inc,ELS,,0000895417,2015.0,Q3,,2015-09-30,2015-10-28 18:13:29+00:00,totalassets,netpremisesandequipment,"Premises and Equipment, Net",+,debit,usd,3205001000.0
Equity LifeStyle Properties Inc,ELS,,0000895417,2015.0,Q3,,2015-09-30,2015-10-28 18:13:29+00:00,totalassets,deferredacquisitioncost,Deferred Acquisition Cost,+,debit,usd,55044000.0
Equity LifeStyle Properties Inc,ELS,,0000895417,2015.0,Q3,,2015-09-30,2015-10-28 18:13:29+00:00,totalassets,otherassets,Other Assets,+,debit,usd,93950000.0
Equity LifeStyle Properties Inc,ELS,,0000895417,2015.0,Q3,,2015-09-30,2015-10-28 18:13:29+00:00,,totalassets,Total Assets,=,debit,usd,3443390000.0
Equity LifeStyle Properties Inc,ELS,,0000895417,2015.0,Q3,,2015-09-30,2015-10-28 18:13:29+00:00,totalliabilities,noninterestbearingdeposits,Non-Interest Bearing Deposits,+,credit,usd,69212000.0
Equity LifeStyle Properties Inc,ELS,,0000895417,2015.0,Q3,,2015-09-30,2015-10-28 18:13:29+00:00,totalliabilities,shorttermdebt,Short-Term Debt,+,credit,usd,0.0
Equity LifeStyle Properties Inc,ELS,,0000895417,2015.0,Q3,,2015-09-30,2015-10-28 18:13:29+00:00,totalliabilities,accruedinterestpayable,Accrued Interest Payable,+,credit,usd,8579000.0
Equity LifeStyle Properties Inc,ELS,,0000895417,2015.0,Q3,,2015-09-30,2015-10-28 18:13:29+00:00,totalliabilities,longtermdebt,Long-Term Debt,+,credit,usd,2156246000.0
Equity LifeStyle Properties Inc,ELS,,0000895417,2015.0,Q3,,2015-09-30,2015-10-28 18:13:29+00:00,totalliabilities,otherlongtermliabilities,Other Long-Term Liabilities,+,credit,usd,220177000.0
Equity LifeStyle Properties Inc,ELS,,0000895417,2015.0,Q3,,2015-09-30,2015-10-28 18:13:29+00:00,totalliabilitiesandequity,totalliabilities,Total Liabilities,+,credit,usd,2454214000.0
Equity LifeStyle Properties Inc,ELS,,0000895417,2015.0,Q3,,2015-09-30,2015-10-28 18:13:29+00:00,totalequity,totalpreferredequity,Preferred Stock,+,credit,usd,0.0
Equity LifeStyle Properties Inc,ELS,,0000895417,2015.0,Q3,,2015-09-30,2015-10-28 18:13:29+00:00,totalcommonequity,commonequity,Common Stock,+,credit,usd,1040685000.0
Equity LifeStyle Properties Inc,ELS,,0000895417,2015.0,Q3,,2015-09-30,2015-10-28 18:13:29+00:00,totalcommonequity,aoci,Accumulated Other Comprehensive Income / (Loss),+,credit,usd,-1612000.0
Equity LifeStyle Properties Inc,ELS,,0000895417,2015.0,Q3,,2015-09-30,2015-10-28 18:13:29+00:00,totalcommonequity,otherequity,Other Equity Adjustments,+,credit,usd,-117252000.0
Equity LifeStyle Properties Inc,ELS,,0000895417,2015.0,Q3,,2015-09-30,2015-10-28 18:13:29+00:00,totalequity,totalcommonequity,Total Common Equity,+,credit,usd,921821000.0
Equity LifeStyle Properties Inc,ELS,,0000895417,2015.0,Q3,,2015-09-30,2015-10-28 18:13:29+00:00,totalequityandnoncontrollinginterests,totalequity,Total Preferred & Common Equity,+,credit,usd,921821000.0
Equity LifeStyle Properties Inc,ELS,,0000895417,2015.0,Q3,,2015-09-30,2015-10-28 18:13:29+00:00,totalequityandnoncontrollinginterests,noncontrollinginterests,Noncontrolling Interest,+,credit,usd,67355000.0
Equity LifeStyle Properties Inc,ELS,,0000895417,2015.0,Q3,,2015-09-30,2015-10-28 18:13:29+00:00,totalliabilitiesandequity,totalequityandnoncontrollinginterests,Total Equity & Noncontrolling Interests,+,credit,usd,989176000.0
Equity LifeStyle Properties Inc,ELS,,0000895417,2015.0,Q3,,2015-09-30,2015-10-28 18:13:29+00:00,,totalliabilitiesandequity,Total Liabilities & Shareholders' Equity,=,credit,usd,3443390000.0
Equity LifeStyle Properties Inc,ELS,,0000895417,2016.0,Q1,,2016-03-31,2016-04-27 16:21:25+00:00,totalassets,cashandequivalents,Cash and Due from Banks,+,debit,usd,97107000.0
Equity LifeStyle Properties Inc,ELS,,0000895417,2016.0,Q1,,2016-03-31,2016-04-27 16:21:25+00:00,totalassets,netpremisesandequipment,"Premises and Equipment, Net",+,debit,usd,3189767000.0
Equity LifeStyle Properties Inc,ELS,,0000895417,2016.0,Q1,,2016-03-31,2016-04-27 16:21:25+00:00,totalassets,deferredacquisitioncost,Deferred Acquisition Cost,+,debit,usd,30758000.0
Equity LifeStyle Properties Inc,ELS,,0000895417,2016.0,Q1,,2016-03-31,2016-04-27 16:21:25+00:00,totalassets,otherassets,Other Assets,+,debit,usd,97493000.0
Equity LifeStyle Properties Inc,ELS,,0000895417,2016.0,Q1,,2016-03-31,2016-04-27 16:21:25+00:00,,totalassets,Total Assets,=,debit,usd,3415125000.0
Equity LifeStyle Properties Inc,ELS,,0000895417,2016.0,Q1,,2016-03-31,2016-04-27 16:21:25+00:00,totalliabilities,noninterestbearingdeposits,Non-Interest Bearing Deposits,+,credit,usd,74153000.0
Equity LifeStyle Properties Inc,ELS,,0000895417,2016.0,Q1,,2016-03-31,2016-04-27 16:21:25+00:00,totalliabilities,shorttermdebt,Short-Term Debt,+,credit,usd,0.0
Equity LifeStyle Properties Inc,ELS,,0000895417,2016.0,Q1,,2016-03-31,2016-04-27 16:21:25+00:00,totalliabilities,accruedinterestpayable,Accrued Interest Payable,+,credit,usd,8669000.0
Equity LifeStyle Properties Inc,ELS,,0000895417,2016.0,Q1,,2016-03-31,2016-04-27 16:21:25+00:00,totalliabilities,longtermdebt,Long-Term Debt,+,credit,usd,2106298000.0
Equity LifeStyle Properties Inc,ELS,,0000895417,2016.0,Q1,,2016-03-31,2016-04-27 16:21:25+00:00,totalliabilities,otherlongtermliabilities,Other Long-Term Liabilities,+,credit,usd,210848000.0
Equity LifeStyle Properties Inc,ELS,,0000895417,2016.0,Q1,,2016-03-31,2016-04-27 16:21:25+00:00,totalliabilitiesandequity,totalliabilities,Total Liabilities,+,credit,usd,2399968000.0
Equity LifeStyle Properties Inc,ELS,,0000895417,2016.0,Q1,,2016-03-31,2016-04-27 16:21:25+00:00,totalequity,totalpreferredequity,Preferred Stock,+,credit,usd,0.0
Equity LifeStyle Properties Inc,ELS,,0000895417,2016.0,Q1,,2016-03-31,2016-04-27 16:21:25+00:00,totalcommonequity,commonequity,Common Stock,+,credit,usd,1046878000.0
Equity LifeStyle Properties Inc,ELS,,0000895417,2016.0,Q1,,2016-03-31,2016-04-27 16:21:25+00:00,totalcommonequity,aoci,Accumulated Other Comprehensive Income / (Loss),+,credit,usd,-1161000.0
Equity LifeStyle Properties Inc,ELS,,0000895417,2016.0,Q1,,2016-03-31,2016-04-27 16:21:25+00:00,totalcommonequity,otherequity,Other Equity Adjustments,+,credit,usd,-99731000.0
Equity LifeStyle Properties Inc,ELS,,0000895417,2016.0,Q1,,2016-03-31,2016-04-27 16:21:25+00:00,totalequity,totalcommonequity,Total Common Equity,+,credit,usd,945986000.0
Equity LifeStyle Properties Inc,ELS,,0000895417,2016.0,Q1,,2016-03-31,2016-04-27 16:21:25+00:00,totalequityandnoncontrollinginterests,totalequity,Total Preferred & Common Equity,+,credit,usd,945986000.0
Equity LifeStyle Properties Inc,ELS,,0000895417,2016.0,Q1,,2016-03-31,2016-04-27 16:21:25+00:00,totalequityandnoncontrollinginterests,noncontrollinginterests,Noncontrolling Interest,+,credit,usd,69171000.0
Equity LifeStyle Properties Inc,ELS,,0000895417,2016.0,Q1,,2016-03-31,2016-04-27 16:21:25+00:00,totalliabilitiesandequity,totalequityandnoncontrollinginterests,Total Equity & Noncontrolling Interests,+,credit,usd,1015157000.0
Equity LifeStyle Properties Inc,ELS,,0000895417,2016.0,Q1,,2016-03-31,2016-04-27 16:21:25+00:00,,totalliabilitiesandequity,Total Liabilities & Shareholders' Equity,=,credit,usd,3415125000.0
Equity LifeStyle Properties Inc,ELS,,0000895417,2016.0,Q2,,2016-06-30,2016-07-27 16:17:40+00:00,totalassets,cashandequivalents,Cash and Due from Banks,+,debit,usd,74871000.0
Equity LifeStyle Properties Inc,ELS,,0000895417,2016.0,Q2,,2016-06-30,2016-07-27 16:17:40+00:00,totalassets,netpremisesandequipment,"Premises and Equipment, Net",+,debit,usd,3278563000.0
Equity LifeStyle Properties Inc,ELS,,0000895417,2016.0,Q2,,2016-06-30,2016-07-27 16:17:40+00:00,totalassets,deferredacquisitioncost,Deferred Acquisition Cost,+,debit,usd,31084000.0
Equity LifeStyle Properties Inc,ELS,,0000895417,2016.0,Q2,,2016-06-30,2016-07-27 16:17:40+00:00,totalassets,otherassets,Other Assets,+,debit,usd,101057000.0
Equity LifeStyle Properties Inc,ELS,,0000895417,2016.0,Q2,,2016-06-30,2016-07-27 16:17:40+00:00,,totalassets,Total Assets,=,debit,usd,3485575000.0
Equity LifeStyle Properties Inc,ELS,,0000895417,2016.0,Q2,,2016-06-30,2016-07-27 16:17:40+00:00,totalliabilities,noninterestbearingdeposits,Non-Interest Bearing Deposits,+,credit,usd,84821000.0
Equity LifeStyle Properties Inc,ELS,,0000895417,2016.0,Q2,,2016-06-30,2016-07-27 16:17:40+00:00,totalliabilities,shorttermdebt,Short-Term Debt,+,credit,usd,0.0
Equity LifeStyle Properties Inc,ELS,,0000895417,2016.0,Q2,,2016-06-30,2016-07-27 16:17:40+00:00,totalliabilities,accruedinterestpayable,Accrued Interest Payable,+,credit,usd,8488000.0
Equity LifeStyle Properties Inc,ELS,,0000895417,2016.0,Q2,,2016-06-30,2016-07-27 16:17:40+00:00,totalliabilities,longtermdebt,Long-Term Debt,+,credit,usd,2115110000.0
Equity LifeStyle Properties Inc,ELS,,0000895417,2016.0,Q2,,2016-06-30,2016-07-27 16:17:40+00:00,totalliabilities,otherlongtermliabilities,Other Long-Term Liabilities,+,credit,usd,211240000.0
Equity LifeStyle Properties Inc,ELS,,0000895417,2016.0,Q2,,2016-06-30,2016-07-27 16:17:40+00:00,totalliabilitiesandequity,totalliabilities,Total Liabilities,+,credit,usd,2419659000.0
Equity LifeStyle Properties Inc,ELS,,0000895417,2016.0,Q2,,2016-06-30,2016-07-27 16:17:40+00:00,totalequity,totalpreferredequity,Preferred Stock,+,credit,usd,0.0
Equity LifeStyle Properties Inc,ELS,,0000895417,2016.0,Q2,,2016-06-30,2016-07-27 16:17:40+00:00,totalcommonequity,commonequity,Common Stock,+,credit,usd,1095004000.0
Equity LifeStyle Properties Inc,ELS,,0000895417,2016.0,Q2,,2016-06-30,2016-07-27 16:17:40+00:00,totalcommonequity,aoci,Accumulated Other Comprehensive Income / (Loss),+,credit,usd,-1197000.0
Equity LifeStyle Properties Inc,ELS,,0000895417,2016.0,Q2,,2016-06-30,2016-07-27 16:17:40+00:00,totalcommonequity,otherequity,Other Equity Adjustments,+,credit,usd,-100479000.0
Equity LifeStyle Properties Inc,ELS,,0000895417,2016.0,Q2,,2016-06-30,2016-07-27 16:17:40+00:00,totalequity,totalcommonequity,Total Common Equity,+,credit,usd,993328000.0
Equity LifeStyle Properties Inc,ELS,,0000895417,2016.0,Q2,,2016-06-30,2016-07-27 16:17:40+00:00,totalequityandnoncontrollinginterests,totalequity,Total Preferred & Common Equity,+,credit,usd,993328000.0
Equity LifeStyle Properties Inc,ELS,,0000895417,2016.0,Q2,,2016-06-30,2016-07-27 16:17:40+00:00,totalequityandnoncontrollinginterests,noncontrollinginterests,Noncontrolling Interest,+,credit,usd,72588000.0
Equity LifeStyle Properties Inc,ELS,,0000895417,2016.0,Q2,,2016-06-30,2016-07-27 16:17:40+00:00,totalliabilitiesandequity,totalequityandnoncontrollinginterests,Total Equity & Noncontrolling Interests,+,credit,usd,1065916000.0
Equity LifeStyle Properties Inc,ELS,,0000895417,2016.0,Q2,,2016-06-30,2016-07-27 16:17:40+00:00,,totalliabilitiesandequity,Total Liabilities & Shareholders' Equity,=,credit,usd,3485575000.0
Equity LifeStyle Properties Inc,ELS,,0000895417,2016.0,Q3,,2016-09-30,2016-10-27 16:17:38+00:00,totalassets,cashandequivalents,Cash and Due from Banks,+,debit,usd,68812000.0
Equity LifeStyle Properties Inc,ELS,,0000895417,2016.0,Q3,,2016-09-30,2016-10-27 16:17:38+00:00,totalassets,netpremisesandequipment,"Premises and Equipment, Net",+,debit,usd,3272448000.0
Equity LifeStyle Properties Inc,ELS,,0000895417,2016.0,Q3,,2016-09-30,2016-10-27 16:17:38+00:00,totalassets,deferredacquisitioncost,Deferred Acquisition Cost,+,debit,usd,31435000.0
Equity LifeStyle Properties Inc,ELS,,0000895417,2016.0,Q3,,2016-09-30,2016-10-27 16:17:38+00:00,totalassets,otherassets,Other Assets,+,debit,usd,97688000.0
Equity LifeStyle Properties Inc,ELS,,0000895417,2016.0,Q3,,2016-09-30,2016-10-27 16:17:38+00:00,,totalassets,Total Assets,=,debit,usd,3470383000.0
Equity LifeStyle Properties Inc,ELS,,0000895417,2016.0,Q3,,2016-09-30,2016-10-27 16:17:38+00:00,totalliabilities,noninterestbearingdeposits,Non-Interest Bearing Deposits,+,credit,usd,70794000.0
Equity LifeStyle Properties Inc,ELS,,0000895417,2016.0,Q3,,2016-09-30,2016-10-27 16:17:38+00:00,totalliabilities,shorttermdebt,Short-Term Debt,+,credit,usd,0.0
Equity LifeStyle Properties Inc,ELS,,0000895417,2016.0,Q3,,2016-09-30,2016-10-27 16:17:38+00:00,totalliabilities,accruedinterestpayable,Accrued Interest Payable,+,credit,usd,8128000.0
Equity LifeStyle Properties Inc,ELS,,0000895417,2016.0,Q3,,2016-09-30,2016-10-27 16:17:38+00:00,totalliabilities,longtermdebt,Long-Term Debt,+,credit,usd,2092019000.0
Equity LifeStyle Properties Inc,ELS,,0000895417,2016.0,Q3,,2016-09-30,2016-10-27 16:17:38+00:00,totalliabilities,otherlongtermliabilities,Other Long-Term Liabilities,+,credit,usd,224828000.0
Equity LifeStyle Properties Inc,ELS,,0000895417,2016.0,Q3,,2016-09-30,2016-10-27 16:17:38+00:00,totalliabilitiesandequity,totalliabilities,Total Liabilities,+,credit,usd,2395769000.0
Equity LifeStyle Properties Inc,ELS,,0000895417,2016.0,Q3,,2016-09-30,2016-10-27 16:17:38+00:00,totalcommonequity,commonequity,Common Stock,+,credit,usd,1097768000.0
Equity LifeStyle Properties Inc,ELS,,0000895417,2016.0,Q3,,2016-09-30,2016-10-27 16:17:38+00:00,totalcommonequity,aoci,Accumulated Other Comprehensive Income / (Loss),+,credit,usd,-646000.0
Equity LifeStyle Properties Inc,ELS,,0000895417,2016.0,Q3,,2016-09-30,2016-10-27 16:17:38+00:00,totalcommonequity,otherequity,Other Equity Adjustments,+,credit,usd,-95735000.0
Equity LifeStyle Properties Inc,ELS,,0000895417,2016.0,Q3,,2016-09-30,2016-10-27 16:17:38+00:00,totalequity,totalcommonequity,Total Common Equity,+,credit,usd,1001387000.0
Equity LifeStyle Properties Inc,ELS,,0000895417,2016.0,Q3,,2016-09-30,2016-10-27 16:17:38+00:00,totalequityandnoncontrollinginterests,totalequity,Total Preferred & Common Equity,+,credit,usd,1001387000.0
Equity LifeStyle Properties Inc,ELS,,0000895417,2016.0,Q3,,2016-09-30,2016-10-27 16:17:38+00:00,totalequityandnoncontrollinginterests,noncontrollinginterests,Noncontrolling Interest,+,credit,usd,73227000.0
Equity LifeStyle Properties Inc,ELS,,0000895417,2016.0,Q3,,2016-09-30,2016-10-27 16:17:38+00:00,totalliabilitiesandequity,totalequityandnoncontrollinginterests,Total Equity & Noncontrolling Interests,+,credit,usd,1074614000.0
Equity LifeStyle Properties Inc,ELS,,0000895417,2016.0,Q3,,2016-09-30,2016-10-27 16:17:38+00:00,,totalliabilitiesandequity,Total Liabilities & Shareholders' Equity,=,credit,usd,3470383000.0
Equity LifeStyle Properties Inc,ELS,,0000895417,2017.0,Q1,,2017-03-31,2017-05-03 08:49:41+00:00,totalassets,cashandequivalents,Cash and Due from Banks,+,debit,usd,73248000.0
Equity LifeStyle Properties Inc,ELS,,0000895417,2017.0,Q1,,2017-03-31,2017-05-03 08:49:41+00:00,totalassets,netpremisesandequipment,"Premises and Equipment, Net",+,debit,usd,3272800000.0
Equity LifeStyle Properties Inc,ELS,,0000895417,2017.0,Q1,,2017-03-31,2017-05-03 08:49:41+00:00,totalassets,deferredacquisitioncost,Deferred Acquisition Cost,+,debit,usd,31357000.0
Equity LifeStyle Properties Inc,ELS,,0000895417,2017.0,Q1,,2017-03-31,2017-05-03 08:49:41+00:00,totalassets,otherassets,Other Assets,+,debit,usd,93636000.0
Equity LifeStyle Properties Inc,ELS,,0000895417,2017.0,Q1,,2017-03-31,2017-05-03 08:49:41+00:00,,totalassets,Total Assets,=,debit,usd,3471041000.0
Equity LifeStyle Properties Inc,ELS,,0000895417,2017.0,Q1,,2017-03-31,2017-05-03 08:49:41+00:00,totalliabilities,noninterestbearingdeposits,Non-Interest Bearing Deposits,+,credit,usd,77398000.0
Equity LifeStyle Properties Inc,ELS,,0000895417,2017.0,Q1,,2017-03-31,2017-05-03 08:49:41+00:00,totalliabilities,shorttermdebt,Short-Term Debt,+,credit,usd,0.0
Equity LifeStyle Properties Inc,ELS,,0000895417,2017.0,Q1,,2017-03-31,2017-05-03 08:49:41+00:00,totalliabilities,accruedinterestpayable,Accrued Interest Payable,+,credit,usd,8212000.0
Equity LifeStyle Properties Inc,ELS,,0000895417,2017.0,Q1,,2017-03-31,2017-05-03 08:49:41+00:00,totalliabilities,longtermdebt,Long-Term Debt,+,credit,usd,2059321000.0
Equity LifeStyle Properties Inc,ELS,,0000895417,2017.0,Q1,,2017-03-31,2017-05-03 08:49:41+00:00,totalliabilities,otherlongtermliabilities,Other Long-Term Liabilities,+,credit,usd,226364000.0
Equity LifeStyle Properties Inc,ELS,,0000895417,2017.0,Q1,,2017-03-31,2017-05-03 08:49:41+00:00,totalliabilitiesandequity,totalliabilities,Total Liabilities,+,credit,usd,2371295000.0
Equity LifeStyle Properties Inc,ELS,,0000895417,2017.0,Q1,,2017-03-31,2017-05-03 08:49:41+00:00,totalcommonequity,commonequity,Common Stock,+,credit,usd,1118494000.0
Equity LifeStyle Properties Inc,ELS,,0000895417,2017.0,Q1,,2017-03-31,2017-05-03 08:49:41+00:00,totalcommonequity,aoci,Accumulated Other Comprehensive Income / (Loss),+,credit,usd,-1000.0
Equity LifeStyle Properties Inc,ELS,,0000895417,2017.0,Q1,,2017-03-31,2017-05-03 08:49:41+00:00,totalcommonequity,otherequity,Other Equity Adjustments,+,credit,usd,-80580000.0
Equity LifeStyle Properties Inc,ELS,,0000895417,2017.0,Q1,,2017-03-31,2017-05-03 08:49:41+00:00,totalequity,totalcommonequity,Total Common Equity,+,credit,usd,1037913000.0
Equity LifeStyle Properties Inc,ELS,,0000895417,2017.0,Q1,,2017-03-31,2017-05-03 08:49:41+00:00,totalequityandnoncontrollinginterests,totalequity,Total Preferred & Common Equity,+,credit,usd,1037913000.0
Equity LifeStyle Properties Inc,ELS,,0000895417,2017.0,Q1,,2017-03-31,2017-05-03 08:49:41+00:00,totalequityandnoncontrollinginterests,noncontrollinginterests,Noncontrolling Interest,+,credit,usd,61833000.0
Equity LifeStyle Properties Inc,ELS,,0000895417,2017.0,Q1,,2017-03-31,2017-05-03 08:49:41+00:00,totalliabilitiesandequity,totalequityandnoncontrollinginterests,Total Equity & Noncontrolling Interests,+,credit,usd,1099746000.0
Equity LifeStyle Properties Inc,ELS,,0000895417,2017.0,Q1,,2017-03-31,2017-05-03 08:49:41+00:00,,totalliabilitiesandequity,Total Liabilities & Shareholders' Equity,=,credit,usd,3471041000.0
Equity LifeStyle Properties Inc,ELS,,0000895417,2017.0,Q2,,2017-06-30,2017-07-26 17:23:49+00:00,totalassets,cashandequivalents,Cash and Due from Banks,+,debit,usd,67740000.0
Equity LifeStyle Properties Inc,ELS,,0000895417,2017.0,Q2,,2017-06-30,2017-07-26 17:23:49+00:00,totalassets,netpremisesandequipment,"Premises and Equipment, Net",+,debit,usd,3271711000.0
Equity LifeStyle Properties Inc,ELS,,0000895417,2017.0,Q2,,2017-06-30,2017-07-26 17:23:49+00:00,totalassets,deferredacquisitioncost,Deferred Acquisition Cost,+,debit,usd,31453000.0
Equity LifeStyle Properties Inc,ELS,,0000895417,2017.0,Q2,,2017-06-30,2017-07-26 17:23:49+00:00,totalassets,otherassets,Other Assets,+,debit,usd,114454000.0
Equity LifeStyle Properties Inc,ELS,,0000895417,2017.0,Q2,,2017-06-30,2017-07-26 17:23:49+00:00,,totalassets,Total Assets,=,debit,usd,3485358000.0
Equity LifeStyle Properties Inc,ELS,,0000895417,2017.0,Q2,,2017-06-30,2017-07-26 17:23:49+00:00,totalliabilities,noninterestbearingdeposits,Non-Interest Bearing Deposits,+,credit,usd,88543000.0
Equity LifeStyle Properties Inc,ELS,,0000895417,2017.0,Q2,,2017-06-30,2017-07-26 17:23:49+00:00,totalliabilities,shorttermdebt,Short-Term Debt,+,credit,usd,0.0
Equity LifeStyle Properties Inc,ELS,,0000895417,2017.0,Q2,,2017-06-30,2017-07-26 17:23:49+00:00,totalliabilities,accruedinterestpayable,Accrued Interest Payable,+,credit,usd,8044000.0
Equity LifeStyle Properties Inc,ELS,,0000895417,2017.0,Q2,,2017-06-30,2017-07-26 17:23:49+00:00,totalliabilities,longtermdebt,Long-Term Debt,+,credit,usd,2054511000.0
Equity LifeStyle Properties Inc,ELS,,0000895417,2017.0,Q2,,2017-06-30,2017-07-26 17:23:49+00:00,totalliabilities,otherlongtermliabilities,Other Long-Term Liabilities,+,credit,usd,234849000.0
Equity LifeStyle Properties Inc,ELS,,0000895417,2017.0,Q2,,2017-06-30,2017-07-26 17:23:49+00:00,totalliabilitiesandequity,totalliabilities,Total Liabilities,+,credit,usd,2385947000.0
Equity LifeStyle Properties Inc,ELS,,0000895417,2017.0,Q2,,2017-06-30,2017-07-26 17:23:49+00:00,totalequity,totalpreferredequity,Preferred Stock,+,credit,usd,0.0
Equity LifeStyle Properties Inc,ELS,,0000895417,2017.0,Q2,,2017-06-30,2017-07-26 17:23:49+00:00,totalcommonequity,commonequity,Common Stock,+,credit,usd,1122175000.0
Equity LifeStyle Properties Inc,ELS,,0000895417,2017.0,Q2,,2017-06-30,2017-07-26 17:23:49+00:00,totalcommonequity,aoci,Accumulated Other Comprehensive Income / (Loss),+,credit,usd,30000.0
Equity LifeStyle Properties Inc,ELS,,0000895417,2017.0,Q2,,2017-06-30,2017-07-26 17:23:49+00:00,totalcommonequity,otherequity,Other Equity Adjustments,+,credit,usd,-83497000.0
Equity LifeStyle Properties Inc,ELS,,0000895417,2017.0,Q2,,2017-06-30,2017-07-26 17:23:49+00:00,totalequity,totalcommonequity,Total Common Equity,+,credit,usd,1038708000.0
Equity LifeStyle Properties Inc,ELS,,0000895417,2017.0,Q2,,2017-06-30,2017-07-26 17:23:49+00:00,totalequityandnoncontrollinginterests,totalequity,Total Preferred & Common Equity,+,credit,usd,1038708000.0
Equity LifeStyle Properties Inc,ELS,,0000895417,2017.0,Q2,,2017-06-30,2017-07-26 17:23:49+00:00,totalequityandnoncontrollinginterests,noncontrollinginterests,Noncontrolling Interest,+,credit,usd,60703000.0
Equity LifeStyle Properties Inc,ELS,,0000895417,2017.0,Q2,,2017-06-30,2017-07-26 17:23:49+00:00,totalliabilitiesandequity,totalequityandnoncontrollinginterests,Total Equity & Noncontrolling Interests,+,credit,usd,1099411000.0
Equity LifeStyle Properties Inc,ELS,,0000895417,2017.0,Q2,,2017-06-30,2017-07-26 17:23:49+00:00,,totalliabilitiesandequity,Total Liabilities & Shareholders' Equity,=,credit,usd,3485358000.0
Equity LifeStyle Properties Inc,ELS,,0000895417,2017.0,Q3,,2017-09-30,2017-10-31 18:17:15+00:00,totalassets,cashandequivalents,Cash and Due from Banks,+,debit,usd,77395000.0
Equity LifeStyle Properties Inc,ELS,,0000895417,2017.0,Q3,,2017-09-30,2017-10-31 18:17:15+00:00,totalassets,netpremisesandequipment,"Premises and Equipment, Net",+,debit,usd,3266911000.0
Equity LifeStyle Properties Inc,ELS,,0000895417,2017.0,Q3,,2017-09-30,2017-10-31 18:17:15+00:00,totalassets,deferredacquisitioncost,Deferred Acquisition Cost,+,debit,usd,31608000.0
Equity LifeStyle Properties Inc,ELS,,0000895417,2017.0,Q3,,2017-09-30,2017-10-31 18:17:15+00:00,totalassets,otherassets,Other Assets,+,debit,usd,149933000.0
Equity LifeStyle Properties Inc,ELS,,0000895417,2017.0,Q3,,2017-09-30,2017-10-31 18:17:15+00:00,,totalassets,Total Assets,=,debit,usd,3525847000.0
Equity LifeStyle Properties Inc,ELS,,0000895417,2017.0,Q3,,2017-09-30,2017-10-31 18:17:15+00:00,totalliabilities,noninterestbearingdeposits,Non-Interest Bearing Deposits,+,credit,usd,73609000.0
Equity LifeStyle Properties Inc,ELS,,0000895417,2017.0,Q3,,2017-09-30,2017-10-31 18:17:15+00:00,totalliabilities,accruedinterestpayable,Accrued Interest Payable,+,credit,usd,7969000.0
Equity LifeStyle Properties Inc,ELS,,0000895417,2017.0,Q3,,2017-09-30,2017-10-31 18:17:15+00:00,totalliabilities,longtermdebt,Long-Term Debt,+,credit,usd,2181138000.0
Equity LifeStyle Properties Inc,ELS,,0000895417,2017.0,Q3,,2017-09-30,2017-10-31 18:17:15+00:00,totalliabilities,otherlongtermliabilities,Other Long-Term Liabilities,+,credit,usd,247956000.0
Equity LifeStyle Properties Inc,ELS,,0000895417,2017.0,Q3,,2017-09-30,2017-10-31 18:17:15+00:00,totalliabilitiesandequity,totalliabilities,Total Liabilities,+,credit,usd,2510672000.0
Equity LifeStyle Properties Inc,ELS,,0000895417,2017.0,Q3,,2017-09-30,2017-10-31 18:17:15+00:00,totalequity,totalpreferredequity,Preferred Stock,+,credit,usd,0.0
Equity LifeStyle Properties Inc,ELS,,0000895417,2017.0,Q3,,2017-09-30,2017-10-31 18:17:15+00:00,totalcommonequity,commonequity,Common Stock,+,credit,usd,1165530000.0
Equity LifeStyle Properties Inc,ELS,,0000895417,2017.0,Q3,,2017-09-30,2017-10-31 18:17:15+00:00,totalcommonequity,aoci,Accumulated Other Comprehensive Income / (Loss),+,credit,usd,0.0
Equity LifeStyle Properties Inc,ELS,,0000895417,2017.0,Q3,,2017-09-30,2017-10-31 18:17:15+00:00,totalcommonequity,otherequity,Other Equity Adjustments,+,credit,usd,-213771000.0
Equity LifeStyle Properties Inc,ELS,,0000895417,2017.0,Q3,,2017-09-30,2017-10-31 18:17:15+00:00,totalequity,totalcommonequity,Total Common Equity,+,credit,usd,951759000.0
Equity LifeStyle Properties Inc,ELS,,0000895417,2017.0,Q3,,2017-09-30,2017-10-31 18:17:15+00:00,totalequityandnoncontrollinginterests,totalequity,Total Preferred & Common Equity,+,credit,usd,951759000.0
Equity LifeStyle Properties Inc,ELS,,0000895417,2017.0,Q3,,2017-09-30,2017-10-31 18:17:15+00:00,totalequityandnoncontrollinginterests,noncontrollinginterests,Noncontrolling Interest,+,credit,usd,63416000.0
Equity LifeStyle Properties Inc,ELS,,0000895417,2017.0,Q3,,2017-09-30,2017-10-31 18:17:15+00:00,totalliabilitiesandequity,totalequityandnoncontrollinginterests,Total Equity & Noncontrolling Interests,+,credit,usd,1015175000.0
Equity LifeStyle Properties Inc,ELS,,0000895417,2017.0,Q3,,2017-09-30,2017-10-31 18:17:15+00:00,,totalliabilitiesandequity,Total Liabilities & Shareholders' Equity,=,credit,usd,3525847000.0
Equity LifeStyle Properties Inc,ELS,,0000895417,2018.0,Q1,,2018-03-31,2018-05-02 17:16:02+00:00,totalassets,cashandequivalents,Cash and Due from Banks,+,debit,usd,73891000.0
Equity LifeStyle Properties Inc,ELS,,0000895417,2018.0,Q1,,2018-03-31,2018-05-02 17:16:02+00:00,totalassets,netpremisesandequipment,"Premises and Equipment, Net",+,debit,usd,3438410000.0
Equity LifeStyle Properties Inc,ELS,,0000895417,2018.0,Q1,,2018-03-31,2018-05-02 17:16:02+00:00,totalassets,deferredacquisitioncost,Deferred Acquisition Cost,+,debit,usd,39550000.0
Equity LifeStyle Properties Inc,ELS,,0000895417,2018.0,Q1,,2018-03-31,2018-05-02 17:16:02+00:00,totalassets,otherassets,Other Assets,+,debit,usd,138232000.0
Equity LifeStyle Properties Inc,ELS,,0000895417,2018.0,Q1,,2018-03-31,2018-05-02 17:16:02+00:00,,totalassets,Total Assets,=,debit,usd,3690083000.0
Equity LifeStyle Properties Inc,ELS,,0000895417,2018.0,Q1,,2018-03-31,2018-05-02 17:16:02+00:00,totalliabilities,noninterestbearingdeposits,Non-Interest Bearing Deposits,+,credit,usd,80500000.0
Equity LifeStyle Properties Inc,ELS,,0000895417,2018.0,Q1,,2018-03-31,2018-05-02 17:16:02+00:00,totalliabilities,shorttermdebt,Short-Term Debt,+,credit,usd,0.0
Equity LifeStyle Properties Inc,ELS,,0000895417,2018.0,Q1,,2018-03-31,2018-05-02 17:16:02+00:00,totalliabilities,accruedinterestpayable,Accrued Interest Payable,+,credit,usd,8501000.0
Equity LifeStyle Properties Inc,ELS,,0000895417,2018.0,Q1,,2018-03-31,2018-05-02 17:16:02+00:00,totalliabilities,longtermdebt,Long-Term Debt,+,credit,usd,2238889000.0
Equity LifeStyle Properties Inc,ELS,,0000895417,2018.0,Q1,,2018-03-31,2018-05-02 17:16:02+00:00,totalliabilities,otherlongtermliabilities,Other Long-Term Liabilities,+,credit,usd,261054000.0
Equity LifeStyle Properties Inc,ELS,,0000895417,2018.0,Q1,,2018-03-31,2018-05-02 17:16:02+00:00,totalliabilitiesandequity,totalliabilities,Total Liabilities,+,credit,usd,2588944000.0
Equity LifeStyle Properties Inc,ELS,,0000895417,2018.0,Q1,,2018-03-31,2018-05-02 17:16:02+00:00,totalequity,totalpreferredequity,Preferred Stock,+,credit,usd,0.0
Equity LifeStyle Properties Inc,ELS,,0000895417,2018.0,Q1,,2018-03-31,2018-05-02 17:16:02+00:00,totalcommonequity,commonequity,Common Stock,+,credit,usd,1246097000.0
Equity LifeStyle Properties Inc,ELS,,0000895417,2018.0,Q1,,2018-03-31,2018-05-02 17:16:02+00:00,totalcommonequity,aoci,Accumulated Other Comprehensive Income / (Loss),+,credit,usd,2815000.0
Equity LifeStyle Properties Inc,ELS,,0000895417,2018.0,Q1,,2018-03-31,2018-05-02 17:16:02+00:00,totalcommonequity,otherequity,Other Equity Adjustments,+,credit,usd,-215749000.0
Equity LifeStyle Properties Inc,ELS,,0000895417,2018.0,Q1,,2018-03-31,2018-05-02 17:16:02+00:00,totalequity,totalcommonequity,Total Common Equity,+,credit,usd,1033163000.0
Equity LifeStyle Properties Inc,ELS,,0000895417,2018.0,Q1,,2018-03-31,2018-05-02 17:16:02+00:00,totalequityandnoncontrollinginterests,totalequity,Total Preferred & Common Equity,+,credit,usd,1033163000.0
Equity LifeStyle Properties Inc,ELS,,0000895417,2018.0,Q1,,2018-03-31,2018-05-02 17:16:02+00:00,totalequityandnoncontrollinginterests,noncontrollinginterests,Noncontrolling Interest,+,credit,usd,67976000.0
Equity LifeStyle Properties Inc,ELS,,0000895417,2018.0,Q1,,2018-03-31,2018-05-02 17:16:02+00:00,totalliabilitiesandequity,totalequityandnoncontrollinginterests,Total Equity & Noncontrolling Interests,+,credit,usd,1101139000.0
Equity LifeStyle Properties Inc,ELS,,0000895417,2018.0,Q1,,2018-03-31,2018-05-02 17:16:02+00:00,,totalliabilitiesandequity,Total Liabilities & Shareholders' Equity,=,credit,usd,3690083000.0
Equity LifeStyle Properties Inc,ELS,,0000895417,2018.0,Q2,,2018-06-30,2018-07-26 09:17:35+00:00,totalassets,restrictedcash,Restricted Cash,+,debit,usd,46025000.0
Equity LifeStyle Properties Inc,ELS,,0000895417,2018.0,Q2,,2018-06-30,2018-07-26 09:17:35+00:00,totalassets,netpremisesandequipment,"Premises and Equipment, Net",+,debit,usd,3469807000.0
Equity LifeStyle Properties Inc,ELS,,0000895417,2018.0,Q2,,2018-06-30,2018-07-26 09:17:35+00:00,totalassets,otherassets,Other Assets,+,debit,usd,184357000.0
Equity LifeStyle Properties Inc,ELS,,0000895417,2018.0,Q2,,2018-06-30,2018-07-26 09:17:35+00:00,,totalassets,Total Assets,=,debit,usd,3700189000.0
Equity LifeStyle Properties Inc,ELS,,0000895417,2018.0,Q2,,2018-06-30,2018-07-26 09:17:35+00:00,totalliabilities,noninterestbearingdeposits,Non-Interest Bearing Deposits,+,credit,usd,94868000.0
Equity LifeStyle Properties Inc,ELS,,0000895417,2018.0,Q2,,2018-06-30,2018-07-26 09:17:35+00:00,totalliabilities,shorttermdebt,Short-Term Debt,+,credit,usd,0.0
Equity LifeStyle Properties Inc,ELS,,0000895417,2018.0,Q2,,2018-06-30,2018-07-26 09:17:35+00:00,totalliabilities,accruedinterestpayable,Accrued Interest Payable,+,credit,usd,8425000.0
Equity LifeStyle Properties Inc,ELS,,0000895417,2018.0,Q2,,2018-06-30,2018-07-26 09:17:35+00:00,totalliabilities,longtermdebt,Long-Term Debt,+,credit,usd,2226999000.0
Equity LifeStyle Properties Inc,ELS,,0000895417,2018.0,Q2,,2018-06-30,2018-07-26 09:17:35+00:00,totalliabilities,otherlongtermliabilities,Other Long-Term Liabilities,+,credit,usd,268066000.0
Equity LifeStyle Properties Inc,ELS,,0000895417,2018.0,Q2,,2018-06-30,2018-07-26 09:17:35+00:00,totalliabilitiesandequity,totalliabilities,Total Liabilities,+,credit,usd,2598358000.0
Equity LifeStyle Properties Inc,ELS,,0000895417,2018.0,Q2,,2018-06-30,2018-07-26 09:17:35+00:00,totalequity,totalpreferredequity,Preferred Stock,+,credit,usd,0.0
Equity LifeStyle Properties Inc,ELS,,0000895417,2018.0,Q2,,2018-06-30,2018-07-26 09:17:35+00:00,totalcommonequity,commonequity,Common Stock,+,credit,usd,1248931000.0
Equity LifeStyle Properties Inc,ELS,,0000895417,2018.0,Q2,,2018-06-30,2018-07-26 09:17:35+00:00,totalcommonequity,aoci,Accumulated Other Comprehensive Income / (Loss),+,credit,usd,3579000.0
Equity LifeStyle Properties Inc,ELS,,0000895417,2018.0,Q2,,2018-06-30,2018-07-26 09:17:35+00:00,totalcommonequity,otherequity,Other Equity Adjustments,+,credit,usd,-218453000.0
Equity LifeStyle Properties Inc,ELS,,0000895417,2018.0,Q2,,2018-06-30,2018-07-26 09:17:35+00:00,totalequity,totalcommonequity,Total Common Equity,+,credit,usd,1034057000.0
Equity LifeStyle Properties Inc,ELS,,0000895417,2018.0,Q2,,2018-06-30,2018-07-26 09:17:35+00:00,totalequityandnoncontrollinginterests,totalequity,Total Preferred & Common Equity,+,credit,usd,1034057000.0
Equity LifeStyle Properties Inc,ELS,,0000895417,2018.0,Q2,,2018-06-30,2018-07-26 09:17:35+00:00,totalequityandnoncontrollinginterests,noncontrollinginterests,Noncontrolling Interest,+,credit,usd,67774000.0
Equity LifeStyle Properties Inc,ELS,,0000895417,2018.0,Q2,,2018-06-30,2018-07-26 09:17:35+00:00,totalliabilitiesandequity,totalequityandnoncontrollinginterests,Total Equity & Noncontrolling Interests,+,credit,usd,1101831000.0
Equity LifeStyle Properties Inc,ELS,,0000895417,2018.0,Q2,,2018-06-30,2018-07-26 09:17:35+00:00,,totalliabilitiesandequity,Total Liabilities & Shareholders' Equity,=,credit,usd,3700189000.0
Equity LifeStyle Properties Inc,ELS,,0000895417,2019.0,Q1,,2019-03-31,2019-04-30 16:19:16+00:00,totalassets,restrictedcash,Restricted Cash,+,debit,usd,144222000.0
Equity LifeStyle Properties Inc,ELS,,0000895417,2019.0,Q1,,2019-03-31,2019-04-30 16:19:16+00:00,totalassets,netpremisesandequipment,"Premises and Equipment, Net",+,debit,usd,3675907000.0
Equity LifeStyle Properties Inc,ELS,,0000895417,2019.0,Q1,,2019-03-31,2019-04-30 16:19:16+00:00,totalassets,otherassets,Other Assets,+,debit,usd,188748000.0
Equity LifeStyle Properties Inc,ELS,,0000895417,2019.0,Q1,,2019-03-31,2019-04-30 16:19:16+00:00,,totalassets,Total Assets,=,debit,usd,4008877000.0
Equity LifeStyle Properties Inc,ELS,,0000895417,2019.0,Q1,,2019-03-31,2019-04-30 16:19:16+00:00,totalliabilities,noninterestbearingdeposits,Non-Interest Bearing Deposits,+,credit,usd,86519000.0
Equity LifeStyle Properties Inc,ELS,,0000895417,2019.0,Q1,,2019-03-31,2019-04-30 16:19:16+00:00,totalliabilities,accruedinterestpayable,Accrued Interest Payable,+,credit,usd,8729000.0
Equity LifeStyle Properties Inc,ELS,,0000895417,2019.0,Q1,,2019-03-31,2019-04-30 16:19:16+00:00,totalliabilities,longtermdebt,Long-Term Debt,+,credit,usd,2346196000.0
Equity LifeStyle Properties Inc,ELS,,0000895417,2019.0,Q1,,2019-03-31,2019-04-30 16:19:16+00:00,totalliabilities,otherlongtermliabilities,Other Long-Term Liabilities,+,credit,usd,310115000.0
Equity LifeStyle Properties Inc,ELS,,0000895417,2019.0,Q1,,2019-03-31,2019-04-30 16:19:16+00:00,totalliabilitiesandequity,totalliabilities,Total Liabilities,+,credit,usd,2751559000.0
Equity LifeStyle Properties Inc,ELS,,0000895417,2019.0,Q1,,2019-03-31,2019-04-30 16:19:16+00:00,totalequity,totalpreferredequity,Preferred Stock,+,credit,usd,0.0
Equity LifeStyle Properties Inc,ELS,,0000895417,2019.0,Q1,,2019-03-31,2019-04-30 16:19:16+00:00,totalcommonequity,commonequity,Common Stock,+,credit,usd,1333306000.0
Equity LifeStyle Properties Inc,ELS,,0000895417,2019.0,Q1,,2019-03-31,2019-04-30 16:19:16+00:00,totalcommonequity,aoci,Accumulated Other Comprehensive Income / (Loss),+,credit,usd,1368000.0
Equity LifeStyle Properties Inc,ELS,,0000895417,2019.0,Q1,,2019-03-31,2019-04-30 16:19:16+00:00,totalcommonequity,otherequity,Other Equity Adjustments,+,credit,usd,-152848000.0
Equity LifeStyle Properties Inc,ELS,,0000895417,2019.0,Q1,,2019-03-31,2019-04-30 16:19:16+00:00,totalequity,totalcommonequity,Total Common Equity,+,credit,usd,1181826000.0
Equity LifeStyle Properties Inc,ELS,,0000895417,2019.0,Q1,,2019-03-31,2019-04-30 16:19:16+00:00,totalequityandnoncontrollinginterests,totalequity,Total Preferred & Common Equity,+,credit,usd,1181826000.0
Equity LifeStyle Properties Inc,ELS,,0000895417,2019.0,Q1,,2019-03-31,2019-04-30 16:19:16+00:00,totalequityandnoncontrollinginterests,noncontrollinginterests,Noncontrolling Interest,+,credit,usd,75492000.0
Equity LifeStyle Properties Inc,ELS,,0000895417,2019.0,Q1,,2019-03-31,2019-04-30 16:19:16+00:00,totalliabilitiesandequity,totalequityandnoncontrollinginterests,Total Equity & Noncontrolling Interests,+,credit,usd,1257318000.0
Equity LifeStyle Properties Inc,ELS,,0000895417,2019.0,Q1,,2019-03-31,2019-04-30 16:19:16+00:00,,totalliabilitiesandequity,Total Liabilities & Shareholders' Equity,=,credit,usd,4008877000.0
Equity LifeStyle Properties Inc,ELS,,0000895417,2019.0,Q2,,2019-06-30,2019-07-30 16:30:12+00:00,totalassets,restrictedcash,Restricted Cash,+,debit,usd,90457000.0
Equity LifeStyle Properties Inc,ELS,,0000895417,2019.0,Q2,,2019-06-30,2019-07-30 16:30:12+00:00,totalassets,netpremisesandequipment,"Premises and Equipment, Net",+,debit,usd,3732832000.0
Equity LifeStyle Properties Inc,ELS,,0000895417,2019.0,Q2,,2019-06-30,2019-07-30 16:30:12+00:00,totalassets,otherassets,Other Assets,+,debit,usd,191189000.0
Equity LifeStyle Properties Inc,ELS,,0000895417,2019.0,Q2,,2019-06-30,2019-07-30 16:30:12+00:00,,totalassets,Total Assets,=,debit,usd,4014478000.0
Equity LifeStyle Properties Inc,ELS,,0000895417,2019.0,Q2,,2019-06-30,2019-07-30 16:30:12+00:00,totalliabilities,noninterestbearingdeposits,Non-Interest Bearing Deposits,+,credit,usd,104249000.0
Equity LifeStyle Properties Inc,ELS,,0000895417,2019.0,Q2,,2019-06-30,2019-07-30 16:30:12+00:00,totalliabilities,accruedinterestpayable,Accrued Interest Payable,+,credit,usd,8187000.0
Equity LifeStyle Properties Inc,ELS,,0000895417,2019.0,Q2,,2019-06-30,2019-07-30 16:30:12+00:00,totalliabilities,longtermdebt,Long-Term Debt,+,credit,usd,2274476000.0
Equity LifeStyle Properties Inc,ELS,,0000895417,2019.0,Q2,,2019-06-30,2019-07-30 16:30:12+00:00,totalliabilities,otherlongtermliabilities,Other Long-Term Liabilities,+,credit,usd,320092000.0
Equity LifeStyle Properties Inc,ELS,,0000895417,2019.0,Q2,,2019-06-30,2019-07-30 16:30:12+00:00,totalliabilitiesandequity,totalliabilities,Total Liabilities,+,credit,usd,2707004000.0
Equity LifeStyle Properties Inc,ELS,,0000895417,2019.0,Q2,,2019-06-30,2019-07-30 16:30:12+00:00,totalequity,totalpreferredequity,Preferred Stock,+,credit,usd,0.0
Equity LifeStyle Properties Inc,ELS,,0000895417,2019.0,Q2,,2019-06-30,2019-07-30 16:30:12+00:00,totalcommonequity,commonequity,Common Stock,+,credit,usd,1398519000.0
Equity LifeStyle Properties Inc,ELS,,0000895417,2019.0,Q2,,2019-06-30,2019-07-30 16:30:12+00:00,totalcommonequity,aoci,Accumulated Other Comprehensive Income / (Loss),+,credit,usd,-242000.0
Equity LifeStyle Properties Inc,ELS,,0000895417,2019.0,Q2,,2019-06-30,2019-07-30 16:30:12+00:00,totalcommonequity,otherequity,Other Equity Adjustments,+,credit,usd,-162204000.0
Equity LifeStyle Properties Inc,ELS,,0000895417,2019.0,Q2,,2019-06-30,2019-07-30 16:30:12+00:00,totalequity,totalcommonequity,Total Common Equity,+,credit,usd,1236073000.0
Equity LifeStyle Properties Inc,ELS,,0000895417,2019.0,Q2,,2019-06-30,2019-07-30 16:30:12+00:00,totalequityandnoncontrollinginterests,totalequity,Total Preferred & Common Equity,+,credit,usd,1236073000.0
Equity LifeStyle Properties Inc,ELS,,0000895417,2019.0,Q2,,2019-06-30,2019-07-30 16:30:12+00:00,totalequityandnoncontrollinginterests,noncontrollinginterests,Noncontrolling Interest,+,credit,usd,71401000.0
Equity LifeStyle Properties Inc,ELS,,0000895417,2019.0,Q2,,2019-06-30,2019-07-30 16:30:12+00:00,totalliabilitiesandequity,totalequityandnoncontrollinginterests,Total Equity & Noncontrolling Interests,+,credit,usd,1307474000.0
Equity LifeStyle Properties Inc,ELS,,0000895417,2019.0,Q2,,2019-06-30,2019-07-30 16:30:12+00:00,,totalliabilitiesandequity,Total Liabilities & Shareholders' Equity,=,credit,usd,4014478000.0
